{"mean":{"confidence_interval":{"confidence_level":0.95,"lower_bound":38348353569.8,"upper_bound":39471679995.1},"point_estimate":38915773573.5,"standard_error":287845156.1658887},"median":{"confidence_interval":{"confidence_level":0.95,"lower_bound":38139535875.0,"upper_bound":39560518758.0},"point_estimate":39083187798.0,"standard_error":421168115.72916436},"median_abs_dev":{"confidence_interval":{"confidence_level":0.95,"lower_bound":163785668.64942312,"upper_bound":1626917829.6376348},"point_estimate":871982083.9573234,"standard_error":384698750.0921964},"slope":null,"std_dev":{"confidence_interval":{"confidence_level":0.95,"lower_bound":544232237.8195388,"upper_bound":1216193305.582982},"point_estimate":957616022.6419917,"standard_error":172088715.46220267}}