{"mean":{"confidence_interval":{"confidence_level":0.95,"lower_bound":292461120.87,"upper_bound":349662452.2},"point_estimate":322061492.3,"standard_error":14680540.681986514},"median":{"confidence_interval":{"confidence_level":0.95,"lower_bound":278305533.0,"upper_bound":367887263.0},"point_estimate":332161417.5,"standard_error":25593334.86163009},"median_abs_dev":{"confidence_interval":{"confidence_level":0.95,"lower_bound":8226283.049154282,"upper_bound":83551775.48055947},"point_estimate":57080279.12252247,"standard_error":19469106.547408987},"slope":null,"std_dev":{"confidence_interval":{"confidence_level":0.95,"lower_bound":29533666.643358786,"upper_bound":60162293.78773387},"point_estimate":48993429.166394584,"standard_error":8024953.704279034}}