{"mean":{"confidence_interval":{"confidence_level":0.95,"lower_bound":20728813.3045,"upper_bound":22266154.374999996},"point_estimate":21512004.85,"standard_error":393235.4664776499},"median":{"confidence_interval":{"confidence_level":0.95,"lower_bound":23109505.333333332,"upper_bound":23167004.5},"point_estimate":23141746.5,"standard_error":118382.07140675321},"median_abs_dev":{"confidence_interval":{"confidence_level":0.95,"lower_bound":106346.64901196772,"upper_bound":3982212.8738015844},"point_estimate":2762701.7480522403,"standard_error":1176018.5213220487},"slope":null,"std_dev":{"confidence_interval":{"confidence_level":0.95,"lower_bound":3392695.718456758,"upper_bound":4443409.542664003},"point_estimate":3956395.8285406367,"standard_error":268785.3176826829}}