{"mean":{"confidence_interval":{"confidence_level":0.95,"lower_bound":17677716137.1,"upper_bound":18484232048.3},"point_estimate":18080563582.6,"standard_error":206797158.6779467},"median":{"confidence_interval":{"confidence_level":0.95,"lower_bound":17502773311.5,"upper_bound":18532251729.0},"point_estimate":18132338105.0,"standard_error":292836293.2376875},"median_abs_dev":{"confidence_interval":{"confidence_level":0.95,"lower_bound":157318302.17884183,"upper_bound":1203843608.9392037},"point_estimate":676007418.1874692,"standard_error":274224902.3926584},"slope":null,"std_dev":{"confidence_interval":{"confidence_level":0.95,"lower_bound":397223303.2431896,"upper_bound":881221434.3851968},"point_estimate":691005018.219335,"standard_error":125074891.13810505}}