{"mean":{"confidence_interval":{"confidence_level":0.95,"lower_bound":62602878631.785,"upper_bound":81626875480.29248},"point_estimate":70135871080.0,"standard_error":5167422101.013224},"median":{"confidence_interval":{"confidence_level":0.95,"lower_bound":61607733281.0,"upper_bound":71827447275.0},"point_estimate":62423136363.0,"standard_error":2976798708.0827355},"median_abs_dev":{"confidence_interval":{"confidence_level":0.95,"lower_bound":354862883.42392445,"upper_bound":12526913079.657036},"point_estimate":1670203452.2669613,"standard_error":3686791940.2070236},"slope":null,"std_dev":{"confidence_interval":{"confidence_level":0.95,"lower_bound":1739608813.9340298,"upper_bound":26004566031.33241},"point_estimate":17259821153.589756,"standard_error":7472437527.855893}}