{"mean":{"confidence_interval":{"confidence_level":0.95,"lower_bound":12129418254.8825,"upper_bound":13152305391.215},"point_estimate":12585132242.4,"standard_error":264663606.490483},"median":{"confidence_interval":{"confidence_level":0.95,"lower_bound":12031997955.0,"upper_bound":13022760649.0},"point_estimate":12327324829.0,"standard_error":223237229.34865123},"median_abs_dev":{"confidence_interval":{"confidence_level":0.95,"lower_bound":93205215.93607664,"upper_bound":1277256098.1767714},"point_estimate":467503005.00266254,"standard_error":296034797.9975255},"slope":null,"std_dev":{"confidence_interval":{"confidence_level":0.95,"lower_bound":252021187.700679,"upper_bound":1197822126.5260377},"point_estimate":881262232.7351439,"standard_error":252047224.9646199}}