{"mean":{"confidence_interval":{"confidence_level":0.95,"lower_bound":57528947.00866518,"upper_bound":60897651.48630953},"point_estimate":59258266.56339286,"standard_error":858041.71327416},"median":{"confidence_interval":{"confidence_level":0.95,"lower_bound":57647672.75,"upper_bound":60967469.75},"point_estimate":59440633.83333333,"standard_error":670111.6256200285},"median_abs_dev":{"confidence_interval":{"confidence_level":0.95,"lower_bound":345680.4682629473,"upper_bound":4762453.574869549},"point_estimate":1670464.046393333,"standard_error":1159943.9615635863},"slope":{"confidence_interval":{"confidence_level":0.95,"lower_bound":58404724.83266129,"upper_bound":60160414.678434275},"point_estimate":59345974.85454545,"standard_error":442500.0564087611},"std_dev":{"confidence_interval":{"confidence_level":0.95,"lower_bound":975865.4615107119,"upper_bound":3921550.5470949924},"point_estimate":2848745.312627515,"standard_error":722134.6612619146}}