{"mean":{"confidence_interval":{"confidence_level":0.95,"lower_bound":9106873.59708333,"upper_bound":9905070.729166662},"point_estimate":9505773.568333331,"standard_error":203868.27532500046},"median":{"confidence_interval":{"confidence_level":0.95,"lower_bound":8956319.333333332,"upper_bound":10594856.916666668},"point_estimate":9534080.416666666,"standard_error":472724.1911913786},"median_abs_dev":{"confidence_interval":{"confidence_level":0.95,"lower_bound":1653202.8761997828,"upper_bound":3141364.5765796304},"point_estimate":2415551.9526153803,"standard_error":454227.04906394426},"slope":null,"std_dev":{"confidence_interval":{"confidence_level":0.95,"lower_bound":1855782.426298434,"upper_bound":2212166.7343601454},"point_estimate":2046551.9349721475,"standard_error":91038.89812937805}}