{"mean":{"confidence_interval":{"confidence_level":0.95,"lower_bound":97818756.50750001,"upper_bound":106063725.15},"point_estimate":101869827.8,"standard_error":2119841.776743616},"median":{"confidence_interval":{"confidence_level":0.95,"lower_bound":95557497.75,"upper_bound":107766738.0},"point_estimate":100523213.75,"standard_error":3687182.7579560736},"median_abs_dev":{"confidence_interval":{"confidence_level":0.95,"lower_bound":81809.1252475977,"upper_bound":11773890.520271659},"point_estimate":9060009.43030268,"standard_error":2829289.624873661},"slope":null,"std_dev":{"confidence_interval":{"confidence_level":0.95,"lower_bound":4395282.207440556,"upper_bound":8568123.017528476},"point_estimate":7074944.370088955,"standard_error":1077565.7257200228}}