{"mean":{"confidence_interval":{"confidence_level":0.95,"lower_bound":11365414.135699997,"upper_bound":12293358.133100003},"point_estimate":11830023.407999998,"standard_error":237220.94568984865},"median":{"confidence_interval":{"confidence_level":0.95,"lower_bound":11133863.8,"upper_bound":12958851.2},"point_estimate":12046360.1,"standard_error":446422.56958779204},"median_abs_dev":{"confidence_interval":{"confidence_level":0.95,"lower_bound":1859093.7831544844,"upper_bound":3468026.5453702244},"point_estimate":2479989.453971386,"standard_error":395907.94582421624},"slope":null,"std_dev":{"confidence_interval":{"confidence_level":0.95,"lower_bound":2113237.420457093,"upper_bound":2648865.737935538},"point_estimate":2393824.53265149,"standard_error":136936.09205760135}}