{"mean":{"confidence_interval":{"confidence_level":0.95,"lower_bound":29595575013.717503,"upper_bound":30711075598.0},"point_estimate":30098540476.3,"standard_error":286829054.3177901},"median":{"confidence_interval":{"confidence_level":0.95,"lower_bound":29628578237.0,"upper_bound":30349331088.0},"point_estimate":29920473196.0,"standard_error":172009690.14059263},"median_abs_dev":{"confidence_interval":{"confidence_level":0.95,"lower_bound":69724356.49314523,"upper_bound":1237116999.6954827},"point_estimate":408755899.51633215,"standard_error":304751771.56815535},"slope":null,"std_dev":{"confidence_interval":{"confidence_level":0.95,"lower_bound":278205464.1135558,"upper_bound":1377442452.8345582},"point_estimate":959681491.2046099,"standard_error":308717377.64254767}}