{"mean":{"confidence_interval":{"confidence_level":0.95,"lower_bound":28265219339.6,"upper_bound":28791837630.4},"point_estimate":28542462526.4,"standard_error":135222565.78338367},"median":{"confidence_interval":{"confidence_level":0.95,"lower_bound":28226516841.5,"upper_bound":28858567323.5},"point_estimate":28668023613.5,"standard_error":165678246.69802338},"median_abs_dev":{"confidence_interval":{"confidence_level":0.95,"lower_bound":57935342.71184206,"upper_bound":748051601.8246293},"point_estimate":301337988.7506813,"standard_error":178704105.33158168},"slope":null,"std_dev":{"confidence_interval":{"confidence_level":0.95,"lower_bound":197701228.09992626,"upper_bound":565695133.4273216},"point_estimate":450938787.74415374,"standard_error":90293737.27723739}}