{"mean":{"confidence_interval":{"confidence_level":0.95,"lower_bound":11009.320184572964,"upper_bound":12492.047794059525},"point_estimate":11718.784290671445,"standard_error":377.47640875036586},"median":{"confidence_interval":{"confidence_level":0.95,"lower_bound":12011.670884447281,"upper_bound":13931.211983652087},"point_estimate":13855.16676351745,"standard_error":543.2888653768641}}