{"mean":{"confidence_interval":{"confidence_level":0.95,"lower_bound":156162874.9,"upper_bound":177070005.5},"point_estimate":165443216.8,"standard_error":5386270.044615716},"median":{"confidence_interval":{"confidence_level":0.95,"lower_bound":153382439.0,"upper_bound":173755870.0},"point_estimate":159658343.0,"standard_error":6076696.021187291},"median_abs_dev":{"confidence_interval":{"confidence_level":0.95,"lower_bound":2101506.8848907948,"upper_bound":25679257.94260204},"point_estimate":15251477.759832144,"standard_error":5829763.5185757475},"slope":null,"std_dev":{"confidence_interval":{"confidence_level":0.95,"lower_bound":7322726.2762675565,"upper_bound":25449597.08165175},"point_estimate":17993618.95124913,"standard_error":5441858.985532983}}