{"mean":{"confidence_interval":{"confidence_level":0.95,"lower_bound":165296070.51500002,"upper_bound":178990315.1475},"point_estimate":172359918.1,"standard_error":3511187.2323698006},"median":{"confidence_interval":{"confidence_level":0.95,"lower_bound":164445832.5,"upper_bound":181645332.5},"point_estimate":172028388.5,"standard_error":3771498.810179355},"median_abs_dev":{"confidence_interval":{"confidence_level":0.95,"lower_bound":1599288.0046069622,"upper_bound":20450814.27922547},"point_estimate":8652248.847591877,"standard_error":4973689.636255782},"slope":null,"std_dev":{"confidence_interval":{"confidence_level":0.95,"lower_bound":5890606.189442069,"upper_bound":15347029.17335478},"point_estimate":11719215.160999462,"standard_error":2457967.4336308823}}