{"mean":{"confidence_interval":{"confidence_level":0.95,"lower_bound":125429560.435,"upper_bound":152805435.5375},"point_estimate":138685423.3,"standard_error":6992464.776845862},"median":{"confidence_interval":{"confidence_level":0.95,"lower_bound":115340319.0,"upper_bound":150337580.0},"point_estimate":141904508.0,"standard_error":8385823.717027234},"median_abs_dev":{"confidence_interval":{"confidence_level":0.95,"lower_bound":1289901.2659996748,"upper_bound":44803325.38128197},"point_estimate":14742103.110775352,"standard_error":10667340.535246408},"slope":null,"std_dev":{"confidence_interval":{"confidence_level":0.95,"lower_bound":12059706.224076288,"upper_bound":31080618.481760602},"point_estimate":23294668.025615685,"standard_error":5194693.579211902}}