{"mean":{"confidence_interval":{"confidence_level":0.95,"lower_bound":8862.567355816174,"upper_bound":10688.796085507061},"point_estimate":9717.659522965752,"standard_error":465.76828462359606},"median":{"confidence_interval":{"confidence_level":0.95,"lower_bound":9063.757437074324,"upper_bound":10560.737127837368},"point_estimate":9970.255731739095,"standard_error":352.9658611227662}}