{"mean":{"confidence_interval":{"confidence_level":0.95,"lower_bound":132024665.6725,"upper_bound":143887680.1275},"point_estimate":137952015.2,"standard_error":3049213.458998063},"median":{"confidence_interval":{"confidence_level":0.95,"lower_bound":128642892.0,"upper_bound":148753348.0},"point_estimate":137784974.5,"standard_error":5258853.604698309},"median_abs_dev":{"confidence_interval":{"confidence_level":0.95,"lower_bound":2009821.4199185371,"upper_bound":17525627.481257915},"point_estimate":14907880.76813221,"standard_error":3968994.3053695634},"slope":null,"std_dev":{"confidence_interval":{"confidence_level":0.95,"lower_bound":6415192.657673317,"upper_bound":11990601.850381011},"point_estimate":10174943.946377939,"standard_error":1409153.4109958045}}