{"mean":{"confidence_interval":{"confidence_level":0.95,"lower_bound":43498520075.51,"upper_bound":45485244524.3},"point_estimate":44468692799.7,"standard_error":508433588.1032448},"median":{"confidence_interval":{"confidence_level":0.95,"lower_bound":43389633399.0,"upper_bound":46086815767.0},"point_estimate":43674987819.5,"standard_error":875179062.6055442},"median_abs_dev":{"confidence_interval":{"confidence_level":0.95,"lower_bound":113036489.49260116,"upper_bound":2672283915.2001767},"point_estimate":1667703613.7645423,"standard_error":813537772.0737122},"slope":null,"std_dev":{"confidence_interval":{"confidence_level":0.95,"lower_bound":1024725195.2693597,"upper_bound":2064287398.0949764},"point_estimate":1694673396.1156466,"standard_error":262616393.10174713}}