{"mean":{"confidence_interval":{"confidence_level":0.95,"lower_bound":94602897.51583335,"upper_bound":102939228.33333333},"point_estimate":97875541.16666666,"standard_error":2284329.6005154336},"median":{"confidence_interval":{"confidence_level":0.95,"lower_bound":94068227.33333333,"upper_bound":98321330.33333334},"point_estimate":95748147.83333334,"standard_error":1085980.7113592431},"median_abs_dev":{"confidence_interval":{"confidence_level":0.95,"lower_bound":649007.1500778235,"upper_bound":5156488.144654043},"point_estimate":2156233.6035192087,"standard_error":1346646.6049465602},"slope":null,"std_dev":{"confidence_interval":{"confidence_level":0.95,"lower_bound":1369372.0816459972,"upper_bound":11596809.161984513},"point_estimate":7638448.783690647,"standard_error":3399429.5178981116}}