{"mean":{"confidence_interval":{"confidence_level":0.95,"lower_bound":19681743.352083333,"upper_bound":21409756.28750001},"point_estimate":20550897.31,"standard_error":441326.90453949413},"median":{"confidence_interval":{"confidence_level":0.95,"lower_bound":19783232.0,"upper_bound":22343086.833333332},"point_estimate":21648261.833333336,"standard_error":720990.017130396},"median_abs_dev":{"confidence_interval":{"confidence_level":0.95,"lower_bound":3063537.5913113337,"upper_bound":6083721.982592345},"point_estimate":4827085.318002108,"standard_error":843111.3295295623},"slope":null,"std_dev":{"confidence_interval":{"confidence_level":0.95,"lower_bound":3917563.5107881124,"upper_bound":4897232.085359422},"point_estimate":4435351.916735231,"standard_error":250262.57746835324}}