{"mean":{"confidence_interval":{"confidence_level":0.95,"lower_bound":5229345.828357143,"upper_bound":6182630.459678568},"point_estimate":5707580.465714287,"standard_error":242251.63534525086},"median":{"confidence_interval":{"confidence_level":0.95,"lower_bound":5328172.428571429,"upper_bound":6521410.571428571},"point_estimate":5793881.857142857,"standard_error":292255.719068158},"median_abs_dev":{"confidence_interval":{"confidence_level":0.95,"lower_bound":2333806.8968666457,"upper_bound":4256906.914224794},"point_estimate":3419252.64919613,"standard_error":516556.5188840773},"slope":null,"std_dev":{"confidence_interval":{"confidence_level":0.95,"lower_bound":2223802.9715056834,"upper_bound":2613764.4403632493},"point_estimate":2439287.307508802,"standard_error":99636.504868259}}