{"mean":{"confidence_interval":{"confidence_level":0.95,"lower_bound":10.406240410834476,"upper_bound":13.351265318749984},"point_estimate":11.82803987532778,"standard_error":0.7486974807842327},"median":{"confidence_interval":{"confidence_level":0.95,"lower_bound":10.098265851963315,"upper_bound":12.40566977332664},"point_estimate":11.13807777658815,"standard_error":0.5777260189685779}}