{"mean":{"confidence_interval":{"confidence_level":0.95,"lower_bound":4567866.493295455,"upper_bound":4992135.096977273},"point_estimate":4779949.699999999,"standard_error":108589.93140116404},"median":{"confidence_interval":{"confidence_level":0.95,"lower_bound":3774961.3636363638,"upper_bound":5403736.272727273},"point_estimate":4707930.272727273,"standard_error":510709.48510154616},"median_abs_dev":{"confidence_interval":{"confidence_level":0.95,"lower_bound":254562.68504424504,"upper_bound":1750316.6226438503},"point_estimate":1409861.664633589,"standard_error":382016.8896418798},"slope":null,"std_dev":{"confidence_interval":{"confidence_level":0.95,"lower_bound":1024350.1727904568,"upper_bound":1160901.3804078654},"point_estimate":1097935.8905467312,"standard_error":34749.558179031366}}