{"mean":{"confidence_interval":{"confidence_level":0.95,"lower_bound":56524383014.7,"upper_bound":58584588551.5},"point_estimate":57486072857.6,"standard_error":531208152.305695},"median":{"confidence_interval":{"confidence_level":0.95,"lower_bound":56150421055.5,"upper_bound":59010928806.0},"point_estimate":56939616336.5,"standard_error":712503434.5844995},"median_abs_dev":{"confidence_interval":{"confidence_level":0.95,"lower_bound":346835586.04763746,"upper_bound":3062318382.883081},"point_estimate":1532574234.1528683,"standard_error":660352138.8639623},"slope":null,"std_dev":{"confidence_interval":{"confidence_level":0.95,"lower_bound":844551520.7373297,"upper_bound":2301780198.069037},"point_estimate":1768338676.4164367,"standard_error":387872135.2176913}}