{"mean":{"confidence_interval":{"confidence_level":0.95,"lower_bound":6.8381418417068325,"upper_bound":8.4993628520099},"point_estimate":7.640004204685827,"standard_error":0.4257595789452025},"median":{"confidence_interval":{"confidence_level":0.95,"lower_bound":5.7840111601263375,"upper_bound":7.368063141214034},"point_estimate":6.327544151122963,"standard_error":0.40195964042368354}}