{"mean":{"confidence_interval":{"confidence_level":0.95,"lower_bound":5936540026.1,"upper_bound":6477375923.4},"point_estimate":6156107890.7,"standard_error":143096179.25120735},"median":{"confidence_interval":{"confidence_level":0.95,"lower_bound":5862444068.0,"upper_bound":6245891852.0},"point_estimate":6029163354.0,"standard_error":106739110.94584103},"median_abs_dev":{"confidence_interval":{"confidence_level":0.95,"lower_bound":40228846.18809521,"upper_bound":463862502.2649944},"point_estimate":284249837.2327566,"standard_error":104040258.84747802},"slope":null,"std_dev":{"confidence_interval":{"confidence_level":0.95,"lower_bound":132491602.28533608,"upper_bound":712418863.1820196},"point_estimate":476302422.7485178,"standard_error":188727449.1709743}}