{"mean":{"confidence_interval":{"confidence_level":0.95,"lower_bound":86086793.65,"upper_bound":101770282.95},"point_estimate":94170097.3,"standard_error":4005252.79489549},"median":{"confidence_interval":{"confidence_level":0.95,"lower_bound":86761941.0,"upper_bound":104382599.25},"point_estimate":94009475.25,"standard_error":4426622.90200686},"median_abs_dev":{"confidence_interval":{"confidence_level":0.95,"lower_bound":3349575.1100331545,"upper_bound":22726825.775568187},"point_estimate":11271167.555996776,"standard_error":5072267.879788779},"slope":null,"std_dev":{"confidence_interval":{"confidence_level":0.95,"lower_bound":6688627.744323582,"upper_bound":17660964.366445694},"point_estimate":13341724.782086793,"standard_error":2857100.571428368}}